Release_Date,Title,Overview,Popularity,Vote_Count,Vote_Average,Original_Language,Genre,Poster_Url
2021-12-15,Spider-Man: No Way Home,"Peter Parker is unmasked and no longer able to separate his normal life from the high-stakes of being a super-hero. When he asks for help from Doctor Strange the stakes become even more dangerous, forcing him to discover what it truly means to be Spider-Man.",5083.954,8940,8.3,en,"Action, Adventure, Science Fiction",https://image.tmdb.org/t/p/original/1g0dhYtq4irTY1GPXvft6k4YLjm.jpg
2022-03-01,The Batman,"In his second year of fighting crime, Batman uncovers corruption in Gotham City that connects to his own family while facing a serial killer known as the Riddler.",3827.658,1151,8.1,en,"Crime, Mystery, Thriller",https://image.tmdb.org/t/p/original/74xTEgt7R36Fpooo50r9T25onhq.jpg
2022-02-25,No Exit,"Stranded at a rest stop in the mountains during a blizzard, a recovering addict discovers a kidnapped child hidden in a car belonging to one of the people inside the building which sets her on a terrifying struggle to identify who among them is the kidnapper.",2618.087,122,6.3,en,Thriller,https://image.tmdb.org/t/p/original/vDHsLnOWKlPGmWs0kGfuhNF4w5l.jpg
2021-11-24,Encanto,"The tale of an extraordinary family, the Madrigals, who live hidden in the mountains of Colombia, in a magical house, in a vibrant town, in a wondrous, charmed place called an Encanto. The magic of the Encanto has blessed every child in the family with a unique gift from super strength to the power to heal—every child except one, Mirabel. But when she discovers that the magic surrounding the Encanto is in danger, Mirabel decides that she, the only ordinary Madrigal, might just be her exceptional family's last hope.",2402.201,5076,7.7,en,"Animation, Comedy, Family, Fantasy",https://image.tmdb.org/t/p/original/4j0PNHkMr5ax3IA8tjtxcmPU3QT.jpg
2021-12-22,The King's Man,"As a collection of history's worst tyrants and criminal masterminds gather to plot a war to wipe out millions, one man must race against time to stop them.",1895.511,1793,7.0,en,"Action, Adventure, Thriller, War",https://image.tmdb.org/t/p/original/aq4Pwv5Xeuvj6HZKtxyd23e6bE9.jpg
2022-01-07,The Commando,"An elite DEA agent returns home after a failed mission when his family makes an unexpected discovery in their house – a stash of money worth $3 million. They soon face the danger and threat of a newly released criminal and his crew, who will do whatever it takes to retrieve the money, including kidnap the agent’s daughters. Stakes are high and lives are at risk in this head-to-head battle as the agent stops at nothing to protect his family against the money-hungry criminals.",1750.484,33,6.6,en,"Action, Crime, Thriller",https://image.tmdb.org/t/p/original/pSh8MyYu5CmfyWEHzv8FEARH2zq.jpg
2022-01-12,Scream,"Twenty-five years after a streak of brutal murders shocked the quiet town of Woodsboro, a new killer has donned the Ghostface mask and begins targeting a group of teenagers to resurrect secrets from the town’s deadly past.",1675.161,821,6.8,en,"Horror, Mystery, Thriller",https://image.tmdb.org/t/p/original/kZNHR1upJKF3eTzdgl5V8s8a4C3.jpg
2022-02-10,Kimi,"A tech worker with agoraphobia discovers recorded evidence of a violent crime but is met with resistance when she tries to report it. Seeking justice, she must do the thing she fears the most: she must leave her apartment.",1601.782,206,6.3,en,Thriller,https://image.tmdb.org/t/p/original/okNgwtxIWzGsNlR3GsOS0i0Qgbn.jpg
2022-02-17,Fistful of Vengeance,A revenge mission becomes a fight to save the world from an ancient threat when superpowered assassin Kai tracks a killer to Bangkok.,1594.013,114,5.3,en,"Action, Crime, Fantasy",https://image.tmdb.org/t/p/original/3cccEF9QZgV9bLWyupJO41HSrOV.jpg
2021-11-03,Eternals,"The Eternals are a team of ancient aliens who have been living on Earth in secret for thousands of years. When an unexpected tragedy forces them out of the shadows, they are forced to reunite against mankind’s most ancient enemy, the Deviants.",1537.406,4726,7.2,en,Science Fiction,https://image.tmdb.org/t/p/original/zByhtBvX99ZiCQhac1sh9d9r6nb.jpg
2022-02-18,Pursuit,"Detective Breslin crosses paths with Calloway, a ruthless hacker desperate to find his wife, who has been kidnapped by a drug cartel. When Calloway escapes police custody, Breslin joins forces with a no-nonsense female cop to reclaim his prisoner. But is Calloway’s crime-boss father somehow involved in this explosive situation?",1500.523,16,5.9,en,"Action, Crime, Thriller",https://image.tmdb.org/t/p/original/wYihSXWYqN8Ejsdut2P1P0o97N0.jpg
2021-08-06,My Hero Academia: World Heroes' Mission,"A mysterious group called Humarize strongly believes in the Quirk Singularity Doomsday theory which states that when quirks get mixed further in with future generations, that power will bring forth the end of humanity. In order to save everyone, the Pro-Heroes around the world ask UA Academy heroes-in-training to assist them and form a world-classic selected hero team. It is up to the heroes to save the world and the future of heroes in what is the most dangerous crisis to take place yet in My Hero Academia.",1485.064,100,7.3,ja,"Animation, Action, Fantasy, Adventure",https://image.tmdb.org/t/p/original/4NUzcKtYPKkfTwKsLjwNt8nRIXV.jpg
2022-02-25,Restless,"After going to extremes to cover up an accident, a corrupt cop's life spirals out of control when he starts receiving threats from a mysterious witness.",1468.377,107,5.9,fr,"Action, Thriller, Crime",https://image.tmdb.org/t/p/original/aw4GGsRwhQtyLsjzC7dsAahfCDY.jpg
2021-12-02,Nightmare Alley,An ambitious carnival man with a talent for manipulating people with a few well-chosen words hooks up with a female psychiatrist who is even more dangerous than he is.,1455.144,952,7.1,en,"Crime, Drama, Thriller",https://image.tmdb.org/t/p/original/680klE0dIreQQOyWKFgNnCAJtws.jpg
2022-01-28,The Ice Age Adventures of Buck Wild,The fearless one-eyed weasel Buck teams up with mischievous possum brothers Crash & Eddie as they head off on a new adventure into Buck's home: The Dinosaur World.,1431.307,737,7.1,en,"Animation, Comedy, Adventure, Family",https://image.tmdb.org/t/p/original/zzXFM4FKDG7l1ufrAkwQYv2xvnh.jpg
2022-02-25,Hotel Transylvania: Transformania,"When Van Helsing's mysterious invention, the ""Monsterfication Ray,"" goes haywire, Drac and his monster pals are all transformed into humans, and Johnny becomes a monster. In their new mismatched bodies, Drac and Johnny must team up and race across the globe to find a cure before it's too late, and before they drive each other crazy.",1373.778,288,7.0,en,"Animation, Family, Fantasy, Comedy, Adventure",https://image.tmdb.org/t/p/original/teCy1egGQa0y8ULJvlrDHQKnxBL.jpg
2022-02-18,Texas Chainsaw Massacre,"In this sequel, influencers looking to breathe new life into a Texas ghost town encounter Leatherface, an infamous killer who wears a mask of human skin.",1312.79,521,5.1,en,Horror,https://image.tmdb.org/t/p/original/meRIRfADEGVo65xgPO6eZvJ0CRG.jpg
2022-01-28,The Requin,"A couple on a romantic getaway find themselves stranded at sea when a tropical storm sweeps away their villa. In order to survive, they are forced to fight the elements, while sharks circle below.",1252.317,65,4.6,en,Thriller,https://image.tmdb.org/t/p/original/i0z8g2VRZP3dhVvvSMilbOZMKqR.jpg
2022-02-04,Looop Lapeta,"When her boyfriend loses a mobster's cash, Savi races against the clock to save the day — if only she can break out of a curious cycle of dead ends.",1240.946,31,6.0,hi,"Action, Comedy, Crime",https://image.tmdb.org/t/p/original/onGdT8sYi89drvSJyEJnft97rOq.jpg
2021-11-04,Red Notice,"An Interpol-issued Red Notice is a global alert to hunt and capture the world's most wanted. But when a daring heist brings together the FBI's top profiler and two rival criminals, there's no telling what will happen.",1178.544,3193,6.8,en,"Action, Comedy, Crime, Thriller",https://image.tmdb.org/t/p/original/lAXONuqg41NwUMuzMiFvicDET9Y.jpg
2021-12-01,Sing 2,"Buster and his new cast now have their sights set on debuting a new show at the Crystal Tower Theater in glamorous Redshore City. But with no connections, he and his singers must sneak into the Crystal Entertainment offices, run by the ruthless wolf mogul Jimmy Crystal, where the gang pitches the ridiculous idea of casting the lion rock legend Clay Calloway in their show. Buster must embark on a quest to find the now-isolated Clay and persuade him to return to the stage.",1112.9,2172,8.2,en,"Animation, Comedy, Family, Music",https://image.tmdb.org/t/p/original/aWeKITRFbbwY8txG5uCj4rMCfSP.jpg
2022-01-03,The Jack in the Box: Awakening,"When a vintage Jack-in-the-box is opened by a dying woman, she enters into a deal with the demon within that would see her illness cured in return for helping it claim six innocent victims.",1096.79,43,5.4,en,Horror,https://image.tmdb.org/t/p/original/3Ib8vlWTrAKRrTWUrTrZPOMW4jp.jpg
2021-09-30,Venom: Let There Be Carnage,"After finding a host body in investigative reporter Eddie Brock, the alien symbiote must face a new enemy, Carnage, the alter ego of serial killer Cletus Kasady.",1053.615,6539,7.1,en,"Science Fiction, Action, Adventure",https://image.tmdb.org/t/p/original/rjkmN1dniUHVYAtwuV3Tji7FsDO.jpg
2021-12-16,The Matrix Resurrections,"Plagued by strange memories, Neo's life takes an unexpected turn when he finds himself back inside the Matrix.",941.024,3160,6.8,en,"Science Fiction, Action, Adventure",https://image.tmdb.org/t/p/original/8c4a8kE7PizaGQQnditMmI1xbRp.jpg
2021-11-24,Resident Evil: Welcome to Raccoon City,"Once the booming home of pharmaceutical giant Umbrella Corporation, Raccoon City is now a dying Midwestern town. The company’s exodus left the city a wasteland…with great evil brewing below the surface. When that evil is unleashed, the townspeople are forever…changed…and a small group of survivors must work together to uncover the truth behind Umbrella and make it through the night.",881.086,1312,6.1,en,"Horror, Action, Science Fiction",https://image.tmdb.org/t/p/original/7uRbWOXxpWDMtnsd2PF3clu65jc.jpg
2021-10-19,Last Man Down,"After civilization succumbs to a deadly pandemic and his wife is murdered, a special forces soldier abandons his duty and becomes a hermit in the Nordic wilderness. Years later, a wounded woman appears on his doorstep. She's escaped from a lab and her pursuers believe her blood is the key to a worldwide cure. He's hesitant to get involved, but all doubts are cast aside when he discovers her pursuer is none other than Commander Stone, the man that murdered his wife some years ago.",869.605,318,6.3,en,"Action, Thriller",https://image.tmdb.org/t/p/original/4B7liCxNCZIZGONmAMkCnxVlZQV.jpg
2022-01-07,American Siege,An ex-NYPD officer-turned-sheriff of a small rural Georgia town has to contend with a gang of thieves who have taken a wealthy doctor hostage.,867.326,49,5.4,en,"Action, Thriller, Crime, Drama",https://image.tmdb.org/t/p/original/daeVrgyj0ue8qb3AHyU3UeCwoZz.jpg
2022-02-10,Uncharted,"A young street-smart, Nathan Drake and his wisecracking partner Victor “Sully” Sullivan embark on a dangerous pursuit of “the greatest treasure never found” while also tracking clues that may lead to Nathan’s long-lost brother.",866.391,691,7.1,en,"Action, Adventure",https://image.tmdb.org/t/p/original/sqLowacltbZLoCa4KYye64RvvdQ.jpg
2020-10-16,Demon Slayer -Kimetsu no Yaiba- The Movie: Mugen Train,"Tanjirō Kamado, joined with Inosuke Hashibira, a boy raised by boars who wears a boar's head, and Zenitsu Agatsuma, a scared boy who reveals his true power when he sleeps, boards the Infinity Train on a new mission with the Fire Hashira, Kyōjurō Rengoku, to defeat a demon who has been tormenting the people and killing the demon slayers who oppose it!",845.992,2224,8.4,ja,"Animation, Action, Adventure, Fantasy",https://image.tmdb.org/t/p/original/h8Rb9gBr48ODIwYUttZNYeMWeUU.jpg
2021-11-11,Ghostbusters: Afterlife,"When a single mom and her two kids arrive in a small town, they begin to discover their connection to the original Ghostbusters and the secret legacy their grandfather left behind.",839.904,2225,7.7,en,"Fantasy, Comedy, Adventure",https://image.tmdb.org/t/p/original/sg4xJaufDiQl7caFEskBtQXfD4x.jpg
2022-01-05,The 355,"A group of top female agents from American, British, Chinese, Columbian and German  government agencies are drawn together to try and stop an organization from acquiring a deadly weapon to send the world into chaos.",781.748,313,6.1,en,"Action, Thriller",https://image.tmdb.org/t/p/original/uQt2dJFMnJmAp9zLAWNfGilK0BW.jpg
2021-09-01,Shang-Chi and the Legend of the Ten Rings,Shang-Chi must confront the past he thought he left behind when he is drawn into the web of the mysterious Ten Rings organization.,769.185,5845,7.7,en,"Action, Adventure, Fantasy",https://image.tmdb.org/t/p/original/1BIoJGKbXjdFDAqUEiA2VHqkK1Z.jpg
2022-02-09,Marry Me,"Music superstars Kat Valdez and Bastian are getting married before a global audience of fans. But when Kat learns, seconds before her vows, that Bastian has been unfaithful, she decides to marry Charlie, a stranger in the crowd, instead.",761.793,230,6.9,en,"Romance, Comedy, Music",https://image.tmdb.org/t/p/original/ko1JVbGj4bT8IhCWqjBQ6ZtF2t.jpg
2022-01-21,The Hunting,"When a mysterious animal attack leaves a mutilated body in the forest, a conservative small town detective must enlist the help of an eager wildlife specialist to uncover the dark and disturbing truth that threatens the town.",761.127,10,5.8,en,Horror,https://image.tmdb.org/t/p/original/kvhrltQIRp1u84ao9uj52YPaWNY.jpg
2021-12-08,West Side Story,"Two youngsters from rival New York City gangs fall in love, but tensions between their respective friends build toward tragedy.",678.186,562,7.4,en,"Drama, Romance, Crime",https://image.tmdb.org/t/p/original/yfz3IUoYYSY32tkb97HlUBGFsnh.jpg
2022-02-04,Through My Window,"Raquel's longtime crush on her next-door neighbor turns into something more when he starts developing feelings for her, despite his family's objections.",659.105,1331,7.8,es,"Romance, Drama",https://image.tmdb.org/t/p/original/6gg7fvKc1ZxP9yCczweSxIGYp4S.jpg
2021-07-02,The Seven Deadly Sins: Cursed by Light,"With the help of the ""Dragon Sin of Wrath"" Meliodas and the worst rebels in history, the Seven Deadly Sins, the ""Holy War"", in which four races, including Humans, Goddesses, Fairies and Giants fought against the Demons, is finally over. At the cost of the ""Lion Sin of Pride"" Escanor's life, the Demon King was defeated and the world regained peace. After that, each of the Sins take their own path.",647.54,312,8.0,ja,"Animation, Fantasy",https://image.tmdb.org/t/p/original/k0ThmZQl5nHe4JefC2bXjqtgYp0.jpg
2021-11-05,One Shot,"An elite squad of Navy SEALs, on a covert mission to transport a prisoner off a CIA black site island prison, are trapped when insurgents attack while trying to rescue the same prisoner.",622.24,382,6.8,en,Action,https://image.tmdb.org/t/p/original/3OXiTjU30gWtqxmx4BU9RVp2OTv.jpg
2022-01-24,Tom and Jerry: Cowboy Up!,"This time, the rivals team up to help a cowgirl and her brother save their homestead from a greedy land-grabber, and they’re going to need some help! Jerry’s three precocious nephews are all ready for action, and Tom is rounding up a posse of prairie dogs. But can a ragtag band of varmints defeat a deceitful desperado determined to deceive a damsel in distress? No matter what happens with Tom and Jerry in the saddle, it’ll be a rootin’ tootin’ good time!",614.11,163,7.1,en,"Animation, Comedy, Family, Western",https://image.tmdb.org/t/p/original/muIaHotSaSUQr0KZCIJOYQEe7y2.jpg
2020-10-15,Chernobyl: Abyss,The aftermath of a shocking explosion at the Chernobyl nuclear power station made hundreds of people sacrifice their lives to clean up the site of the catastrophe and to successfully prevent an even bigger disaster that could have turned a large part of the European continent into an uninhabitable exclusion zone. This is their story.,601.958,314,6.2,ru,"Drama, History, Adventure",https://image.tmdb.org/t/p/original/AmJLuHjxPdIJO6vmymeWADG6jK5.jpg
2022-02-25,Desperate Riders,"After Kansas Red rescues young Billy from a card-game shootout, the boy asks Red for help protecting his family from the outlaw Thorn, who’s just kidnapped Billy’s mother, Carol. As Red and Billy ride off to rescue Carol, they run into beautiful, tough-as-nails Leslie, who’s managed to escape Thorn’s men. The three race to stop Thorn’s wedding to Carol with guns a-blazing - but does she want to be rescued?",590.474,10,6.8,en,"Western, Action",https://image.tmdb.org/t/p/original/7pYYGm1dWZGkbJuhcuaHD6nE6k7.jpg
2021-11-10,Clifford the Big Red Dog,"As Emily struggles to fit in at home and at school, she discovers a small red puppy who is destined to become her best friend. When Clifford magically undergoes one heck of a growth spurt, becomes a gigantic dog and attracts the attention of a genetics company, Emily and her Uncle Casey have to fight the forces of greed as they go on the run across New York City. Along the way, Clifford affects the lives of everyone around him and teaches Emily and her uncle the true meaning of acceptance and unconditional love.",585.011,1100,7.3,en,"Family, Adventure, Comedy, Fantasy",https://image.tmdb.org/t/p/original/oifhfVhUcuDjE61V5bS5dfShQrm.jpg
2022-02-25,Tyler Perry's A Madea Homecoming,Madea's back - hallelujer! And she's not putting up with any nonsense as family drama erupts at her great-grandson's college graduation celebration.,577.591,42,6.7,en,Comedy,https://image.tmdb.org/t/p/original/vzX5GNRTXsAltdU1tfASmZbzYmv.jpg
2021-07-01,The Boss Baby: Family Business,The Templeton brothers — Tim and his Boss Baby little bro Ted — have become adults and drifted away from each other. But a new boss baby with a cutting-edge approach and a can-do attitude is about to bring them together again … and inspire a new family business.,567.421,1785,7.6,en,"Animation, Comedy, Adventure, Family",https://image.tmdb.org/t/p/original/kv2Qk9MKFFQo4WQPaYta599HkJP.jpg
2022-03-10,Turning Red,"Thirteen-year-old Mei is experiencing the awkwardness of being a teenager with a twist – when she gets too excited, she transforms into a giant red panda.",564.507,8,8.6,en,"Animation, Family, Comedy, Fantasy",https://image.tmdb.org/t/p/original/qsdjk9oAKSQMWs0Vt5Pyfh6O4GZ.jpg
2022-01-13,Brazen,Mystery writer Grace Miller has killer instincts when it comes to motive - and she'll need every bit of expertise to help solve her sister's murder.,553.141,211,4.8,en,"Thriller, Mystery, Drama",https://image.tmdb.org/t/p/original/7e4n1GfC9iky9VQzH3cDQz9wYpO.jpg
2022-01-14,The House,"Across different eras, a poor family, an anxious developer and a fed-up landlady become tied to the same mysterious house in this animated dark comedy.",551.65,432,7.1,en,"Animation, Drama, Comedy, Horror",https://image.tmdb.org/t/p/original/iZjMFSKCrleKolC1gYcz5Rs8bk1.jpg
2022-02-10,Blacklight,Travis Block is a shadowy Government agent who specializes in removing operatives whose covers have been exposed. He then has to uncover a deadly conspiracy within his own ranks that reaches the highest echelons of power.,533.903,88,5.1,en,"Action, Thriller",https://image.tmdb.org/t/p/original/bv9dy8mnwftdY2j6gG39gCfSFpV.jpg
2021-10-15,Ron's Gone Wrong,"In a world where walking, talking, digitally connected bots have become children's best friends, an 11-year-old finds that his robot buddy doesn't quite work the same as the others do.",509.277,1000,8.1,en,"Animation, Science Fiction, Family, Comedy",https://image.tmdb.org/t/p/original/7M0uwPgwvPONdFG0jk8TPK09xJU.jpg
2021-08-11,Free Guy,A bank teller called Guy realizes he is a background character in an open world video game called Free City that will soon go offline.,447.872,5158,7.7,en,"Comedy, Action, Adventure, Science Fiction",https://image.tmdb.org/t/p/original/xmbU4JTUm8rsdtn7Y3Fcm30GpeT.jpg
2021-05-26,Cruella,"In 1970s London amidst the punk rock revolution, a young grifter named Estella is determined to make a name for herself with her designs. She befriends a pair of young thieves who appreciate her appetite for mischief, and together they are able to build a life for themselves on the London streets. One day, Estella’s flair for fashion catches the eye of the Baroness von Hellman, a fashion legend who is devastatingly chic and terrifyingly haute. But their relationship sets in motion a course of events and revelations that will cause Estella to embrace her wicked side and become the raucous, fashionable and revenge-bent Cruella.",429.613,6675,8.2,en,"Comedy, Crime",https://image.tmdb.org/t/p/original/wToO8opxkGwKgSfJ1JK8tGvkG6U.jpg
2021-07-28,The Suicide Squad,"Supervillains Harley Quinn, Bloodsport, Peacemaker and a collection of nutty cons at Belle Reve prison join the super-secret, super-shady Task Force X as they are dropped off at the remote, enemy-infused island of Corto Maltese.",424.983,5689,7.7,en,"Action, Adventure, Fantasy",https://image.tmdb.org/t/p/original/kb4s0ML0iVZlG6wAKbbs9NAm6X.jpg
2021-11-12,The Simpsons in Plusaversary,"The Simpsons host a Disney+ Day party and everyone is on the list… except Homer. With friends from across the service and music fit for a Disney Princess, Plusaversary is Springfield's event of the year.",418.589,251,6.6,en,"Animation, Comedy, Fantasy",https://image.tmdb.org/t/p/original/p5jzbffrXuBTjsiwrQ3aOMTrvCj.jpg
2022-01-17,Forgive Us Our Trespasses,"Targeted by Nazis as they hunt down and murder people with disabilities, a boy with a limb difference makes a daring decision while running for his life.",409.688,27,6.3,en,"Drama, War",https://image.tmdb.org/t/p/original/4RYZSHM3eaxXAnjbgNiVaqmekL8.jpg
2021-06-17,Luca,Luca and his best friend Alberto experience an unforgettable summer on the Italian Riviera. But all the fun is threatened by a deeply-held secret: they are sea monsters from another world just below the water’s surface.,408.749,5886,8.0,en,"Animation, Comedy, Family, Fantasy",https://image.tmdb.org/t/p/original/jTswp6KyDYKtvC52GbHagrZbGvD.jpg
2021-04-07,Mortal Kombat,"Washed-up MMA fighter Cole Young, unaware of his heritage, and hunted by Emperor Shang Tsung's best warrior, Sub-Zero, seeks out and trains with Earth's greatest champions as he prepares to stand against the enemies of Outworld in a high stakes battle for the universe.",402.273,4447,7.2,en,"Action, Fantasy, Adventure",https://image.tmdb.org/t/p/original/nkayOAUBUu4mMvyNf9iHSUiPjF1.jpg
2021-03-18,Zack Snyder's Justice League,"Determined to ensure Superman's ultimate sacrifice was not in vain, Bruce Wayne aligns forces with Diana Prince with plans to recruit a team of metahumans to protect the world from an approaching threat of catastrophic proportions.",398.461,7414,8.3,en,"Action, Adventure, Fantasy, Science Fiction",https://image.tmdb.org/t/p/original/tnAuB8q5vv7Ax9UAEje5Xi4BXik.jpg
2021-12-17,Mother/Android,"Georgia and her boyfriend Sam go on a treacherous journey to escape their country, which is caught in an unexpected war with artificial intelligence. Days away from the arrival of their first child, the couple must face No Man’s Land—a stronghold of the android uprising—in hopes of reaching safety before giving birth.",398.12,422,5.8,en,"Science Fiction, Thriller",https://image.tmdb.org/t/p/original/rO3nV9d1wzHEWsC7xgwxotjZQpM.jpg
1986-11-04,Exploits of a Young Don Juan,"Roger is a 16-year-old who seeks to lose his virginity in this erotic drama. His initial efforts are unsuccessful, but World War I breaks out and men are seen marching off to battle. Roger goes overboard when he is presented with several amorous opportunities.",396.948,88,5.5,fr,"Comedy, Drama",https://image.tmdb.org/t/p/original/oZvMcGvyTfrFLny6i3RJONQb5C9.jpg
2021-09-15,Dune,"Paul Atreides, a brilliant and gifted young man born into a great destiny beyond his understanding, must travel to the most dangerous planet in the universe to ensure the future of his family and his people. As malevolent forces explode into conflict over the planet's exclusive supply of the most precious resource in existence-a commodity capable of unlocking humanity's greatest potential-only those who can conquer their fear will survive.",394.295,6237,7.9,en,"Science Fiction, Adventure",https://image.tmdb.org/t/p/original/d5NXSklXo0qyIYkgV94XAgMIckC.jpg
2021-01-01,The Last Warrior: Root of Evil,"Peace and tranquility have set in Belogorie. The evil was defeated and Ivan is now enjoying his well-deserved fame. He is surrounded by his family, friends and small wonders from the modern world that help him lead a comfortable life. Luckily, he has his Magic Sword to cut a gap between the worlds to get some supplies quite regularly. But when an ancient evil rises and the existence of the magic world is put to danger, Ivan has to team up with his old friends and his new rivals. They will set out on a long journey beyond the known world to find a way to defeat the enemies and to return peace to Belogorie.",391.957,89,7.1,ru,"Fantasy, Adventure, Comedy",https://image.tmdb.org/t/p/original/4qE7mvUYGY5epfcgeJpM6EfHgq5.jpg
2022-02-09,The Privilege,A wealthy teen and his friends attending an elite private school uncover a dark conspiracy while looking into a series of strange supernatural events.,387.924,104,5.1,de,Horror,https://image.tmdb.org/t/p/original/qBLi3Nd5JMQGMiOmmfuPgLw5SzD.jpg
2021-06-11,Queen of Spades,"According to legend, an ominous entity known as the Queen of Spades can be summoned by performing an ancient ritual. Four teenagers summon the Queen of Spades, but they could never imagine the horrors that await them.",387.159,37,6.4,en,Horror,https://image.tmdb.org/t/p/original/4IKBzVBPLXu9p5cfEfdJjHdlafV.jpg
2021-10-28,Antlers,"A small-town Oregon teacher and her brother, the local sheriff, discover a young student is harbouring a dangerous secret that could have frightening consequences.",380.88,544,6.4,en,"Drama, Horror, Mystery",https://image.tmdb.org/t/p/original/cMch3tiexw3FdOEeZxMWVel61Xg.jpg
2021-11-05,Dangerous,"A reformed sociopath heads to a remote island after the death of his brother. Soon after his arrival, the island falls under siege from a deadly gang of mercenaries, and when he discovers their role in his brother’s demise, he sets out on a relentless quest for vengeance.",379.856,175,6.4,en,"Action, Thriller",https://image.tmdb.org/t/p/original/vTtkQGC7qKlSRQJZYtAWAmYdH0A.jpg
2021-09-01,After We Fell,"Just as Tessa's life begins to become unglued, nothing is what she thought it would be. Not her friends nor her family. The only person that she should be able to rely on is Hardin, who is furious when he discovers the massive secret that she's been keeping. Before Tessa makes the biggest decision of her life, everything changes because of revelations about her family.",365.85,1563,7.2,en,"Romance, Drama",https://image.tmdb.org/t/p/original/dU4HfnTEJDf9KvxGS9hgO7BVeju.jpg
2021-09-29,No Time to Die,"Bond has left active service and is enjoying a tranquil life in Jamaica. His peace is short-lived when his old friend Felix Leiter from the CIA turns up asking for help. The mission to rescue a kidnapped scientist turns out to be far more treacherous than expected, leading Bond onto the trail of a mysterious villain armed with dangerous new technology.",360.164,3616,7.5,en,"Adventure, Action, Thriller",https://image.tmdb.org/t/p/original/iUgygt3fscRoKWCV1d0C7FbM9TP.jpg
2021-11-05,Sooryavanshi,"A fearless, faithful albeit slightly forgetful Mumbai cop, Veer Sooryavanshi, the chief of the Anti-Terrorism Squad in India pulls out all the stops and stunts to thwart a major conspiracy to attack his city.",352.368,93,5.8,hi,"Action, Crime, Thriller",https://image.tmdb.org/t/p/original/8p3mhjyLjHKtaAv8tFKfvEBtir0.jpg
2021-11-04,Finch,"On a post-apocalyptic Earth, a robot, built to protect the life of his dying creator's beloved dog, learns about life, love, friendship, and what it means to be human.",348.942,2075,8.1,en,"Science Fiction, Drama, Adventure",https://image.tmdb.org/t/p/original/jKuDyqx7jrjiR9cDzB5pxzhJAdv.jpg
2021-07-23,Two,"Two people, a man and a woman, wake up naked and with their abdomens attached to each other.",342.661,207,5.4,es,"Thriller, Horror",https://image.tmdb.org/t/p/original/5P7QwmoYl70tsRZ8e0VnI9RI1MF.jpg
2021-08-09,PAW Patrol: The Movie,Ryder and the pups are called to Adventure City to stop Mayor Humdinger from turning the bustling metropolis into a state of chaos.,339.374,855,7.5,en,"Animation, Family, Adventure, Comedy",https://image.tmdb.org/t/p/original/ic0intvXZSfBlYPIvWXpU1ivUCO.jpg
2018-04-25,Avengers: Infinity War,"As the Avengers and their allies have continued to protect the world from threats too large for any one hero to handle, a new danger has emerged from the cosmic shadows: Thanos. A despot of intergalactic infamy, his goal is to collect all six Infinity Stones, artifacts of unimaginable power, and use them to inflict his twisted will on all of reality. Everything the Avengers have fought for has led up to this moment - the fate of Earth and existence itself has never been more uncertain.",338.402,24079,8.3,en,"Adventure, Action, Science Fiction",https://image.tmdb.org/t/p/original/7WsyChQLEftFiDOVTGkv3hFpyyt.jpg
1989-06-23,Batman,"Batman must face his most ruthless nemesis when a deformed madman calling himself ""The Joker"" seizes control of Gotham's criminal underworld.",338.272,6109,7.2,en,"Fantasy, Action",https://image.tmdb.org/t/p/original/jUhGHv4YihieVjhU2TmFaBsZ4Xg.jpg
2021-07-07,Black Widow,"Natasha Romanoff, also known as Black Widow, confronts the darker parts of her ledger when a dangerous conspiracy with ties to her past arises. Pursued by a force that will stop at nothing to bring her down, Natasha must deal with her history as a spy and the broken relationships left in her wake long before she became an Avenger.",337.651,7127,7.5,en,"Action, Adventure, Science Fiction",https://image.tmdb.org/t/p/original/qAZ0pzat24kLdO3o8ejmbLxyOac.jpg
2022-02-18,The Wonderful Winter of Mickey Mouse,The wonder of the winter season takes Mickey Mouse and his friends on a journey through three magical stories.,333.354,3,5.7,en,"Animation, Comedy",https://image.tmdb.org/t/p/original/3dspgMFx64kA8BqkGZQK6Hk1sCV.jpg
2021-05-19,F9,Dominic Toretto and his crew battle the most skilled assassin and high-performance driver they've ever encountered: his forsaken brother.,331.944,5092,7.3,en,"Action, Crime, Thriller, Adventure",https://image.tmdb.org/t/p/original/bOFaAXmWWXC3Rbv4u4uM9ZSzRXP.jpg
2022-02-03,Moonfall,A mysterious force knocks the moon from its orbit around Earth and sends it hurtling on a collision course with life as we know it.,328.678,186,5.9,en,"Action, Adventure, Science Fiction",https://image.tmdb.org/t/p/original/odVv1sqVs0KxBXiA8bhIBlPgalx.jpg
2022-02-04,"Sex, Shame and Tears 2","Twenty years have passed since those two apartments in the heart of Mexico City were the battlefield of a war of the sexes between Ana, Carlos, Andrea, Miguel, Tomás and María. All that is left of those apartments are memories and the image of Tomás' dead body at the bottom of the elevator shaft. Their lives have changed, their families have grown and new and unexpected characters have come to unsettle their daily lives and trigger a chain of events that will make them realize that modesty has been replaced by public disclosure; sex is only an app away; but love...love is still something elusive that everyone in today's banal and chaotic world is seeking.",325.624,5,2.2,es,"Comedy, Drama",https://image.tmdb.org/t/p/original/2ip2iDBSXfdHeXpR2qETGr5Q76V.jpg
2021-12-03,Diary of a Wimpy Kid,Greg Heffley is a scrawny but ambitious kid with an active imagination and big plans to be rich and famous – he just has to survive middle school first.,324.706,189,6.5,en,"Animation, Comedy, Family",https://image.tmdb.org/t/p/original/obg6lWuNaZkoSlwrVG4VVk4SmT.jpg
2022-02-15,AI Love You,"A modern love story set in the near future where an AI building is powered by human feelings. Due to a software glitch, it falls in love with a real girl, escapes the building into the body of a real man, and tries to win her affections.",317.643,16,5.3,th,"Comedy, Romance, Science Fiction",https://image.tmdb.org/t/p/original/sBiJOvHCSWORnFpc4yItflIkdTi.jpg
2022-03-30,Sonic the Hedgehog 2,"After settling in Green Hills, Sonic is eager to prove he has what it takes to be a true hero. His test comes when Dr. Robotnik returns, this time with a new partner, Knuckles, in search for an emerald that has the power to destroy civilizations. Sonic teams up with his own sidekick, Tails, and together they embark on a globe-trotting journey to find the emerald before it falls into the wrong hands.",317.159,0,0.0,en,"Action, Science Fiction, Comedy, Family",https://image.tmdb.org/t/p/original/6DrHO1jr3qVrViUO6s6kFiAGM7.jpg
2022-02-17,Erax,Monstrous creatures leap from a magical storybook and unleash mayhem and mischief for Auntie Opal and her tween niece Nina in this spooky short film.,317.102,12,5.7,en,"Mystery, Family",https://image.tmdb.org/t/p/original/rMp04rYhy4yfOfjZq5F9R3wkeqo.jpg
2020-08-04,Deathstroke: Knights & Dragons - The Movie,The assassin Deathstroke tries to save his family from the wrath of H.I.V.E. and the murderous Jackal.,314.388,325,6.9,en,"Animation, Action, Adventure, Science Fiction",https://image.tmdb.org/t/p/original/vFIHbiy55smzi50RmF8LQjmpGcx.jpg
2021-10-13,The Last Duel,"King Charles VI declares that Knight Jean de Carrouges settle his dispute with his squire, Jacques Le Gris, by challenging him to a duel.",312.916,1848,7.6,en,"Action, Drama, History",https://image.tmdb.org/t/p/original/zjrJE0fpzPvX8saJXj8VNfcjBoU.jpg
2022-01-26,The Pirates: The Last Royal Treasure,"A gutsy crew of Joseon pirates and bandits battle stormy waters, puzzling clues and militant rivals in search of royal gold lost at sea.",311.94,38,6.6,ko,"Action, Adventure, Comedy, History",https://image.tmdb.org/t/p/original/zAp8FqC4pLfqcsEfuHwQflCWsA5.jpg
2021-10-29,Paranormal Activity: Next of Kin,"Margot, a documentary filmmaker, heads to a secluded Amish community in the hopes of learning about her long-lost mother and extended family. Following a string of strange occurrences and discoveries, she comes to realize this community may not be what it seems.",310.011,300,6.5,en,"Horror, Mystery, Thriller",https://image.tmdb.org/t/p/original/bXAVveHiLotZbWdg3PKGhAzxYKP.jpg
2021-11-24,House of Gucci,"When Patrizia Reggiani, an outsider from humble beginnings, marries into the Gucci family, her unbridled ambition begins to unravel the family legacy and triggers a reckless spiral of betrayal, decadence, revenge, and ultimately…murder.",308.214,1276,6.8,en,"Drama, Crime, Thriller",https://image.tmdb.org/t/p/original/vHla3Ej2m53rNmvmYkzvennLrKn.jpg
2021-02-11,Dark Spell,Terror strikes when a heartbroken woman uses black magic to get her husband back.,308.037,80,6.7,ru,"Romance, Horror, Thriller",https://image.tmdb.org/t/p/original/2AbGdSGlU6CpiV3lswHUgE5CdAA.jpg
2021-07-28,Jungle Cruise,"Dr. Lily Houghton enlists the aid of wisecracking skipper Frank Wolff to take her down the Amazon in his dilapidated boat. Together, they search for an ancient tree that holds the power to heal – a discovery that will change the future of medicine.",307.936,4034,7.6,en,"Action, Adventure, Comedy, Fantasy",https://image.tmdb.org/t/p/original/9dKCd55IuTT5QRs989m9Qlb7d2B.jpg
2021-03-24,Godzilla vs. Kong,"In a time when monsters walk the Earth, humanity’s fight for its future sets Godzilla and Kong on a collision course that will see the two most powerful forces of nature on the planet collide in a spectacular battle for the ages.",307.521,7681,7.8,en,"Action, Fantasy, Science Fiction",https://image.tmdb.org/t/p/original/pgqgaUx1cJb5oZQQ5v0tNARCeBp.jpg
2012-06-23,The Amazing Spider-Man,"Peter Parker is an outcast high schooler abandoned by his parents as a boy, leaving him to be raised by his Uncle Ben and Aunt May. Like most teenagers, Peter is trying to figure out who he is and how he got to be the person he is today. As Peter discovers a mysterious briefcase that belonged to his father, he begins a quest to understand his parents' disappearance – leading him directly to Oscorp and the lab of Dr. Curt Connors, his father's former partner. As Spider-Man is set on a collision course with Connors' alter ego, The Lizard, Peter will make life-altering choices to use his powers and shape his destiny to become a hero.",306.376,14564,6.7,en,"Action, Adventure, Fantasy",https://image.tmdb.org/t/p/original/fSbqPbqXa7ePo8bcnZYN9AHv6zA.jpg
2022-02-17,Heart Shot,Teenagers Nikki and Sam are in love and planning their future together — until Nikki's dangerous past returns to threaten everything.,302.272,16,5.6,en,"Romance, Crime",https://image.tmdb.org/t/p/original/ubaCN0FjWhxiu1uHhI9oXSgalVK.jpg
2009-12-10,Avatar,"In the 22nd century, a paraplegic Marine is dispatched to the moon Pandora on a unique mission, but becomes torn between following orders and protecting an alien civilization.",297.357,25011,7.5,en,"Action, Adventure, Fantasy, Science Fiction",https://image.tmdb.org/t/p/original/jRXYjXNq0Cs2TcJjLkki24MLp7u.jpg
2021-06-11,Mobile Suit Gundam Hathaway,"After Char's rebellion, Hathaway Noa leads an insurgency against Earth Federation, but meeting an enemy officer and a mysterious woman alters his fate.",292.604,77,7.8,ja,"Animation, Action, Drama, Science Fiction",https://image.tmdb.org/t/p/original/6gw8onh4FKsruBA7Oouv01EFxzn.jpg
2021-10-27,Army of Thieves,A mysterious woman recruits bank teller Ludwig Dieter to lead a group of aspiring thieves on a top-secret heist during the early stages of the zombie apocalypse.,290.54,1167,6.9,en,"Crime, Comedy",https://image.tmdb.org/t/p/original/iPTZGFmPs7HsXHYxiuxGolihjOH.jpg
2022-02-23,UFO,"When aspiring musician and student Deniz falls for a rough-hewn motorbike racer, tragedy and family opposition obstruct their path to love.",290.481,15,5.2,tr,"Drama, Romance",https://image.tmdb.org/t/p/original/m7mNjsZKuLpBWYNGSTLmWKOYkvl.jpg
2022-03-03,The Weekend Away,"When her best friend vanishes during a girls' trip to Croatia, Beth races to figure out what happened. But each clue yields another unsettling deception.",290.206,119,5.9,en,"Thriller, Mystery",https://image.tmdb.org/t/p/original/6MS0QEl7UK2gdFFbHfNwuYlsq4H.jpg
2020-11-25,The Croods: A New Age,"Searching for a safer habitat, the prehistoric Crood family discovers an idyllic, walled-in paradise that meets all of its needs. Unfortunately, they must also learn to live with the Bettermans -- a family that's a couple of steps above the Croods on the evolutionary ladder. As tensions between the new neighbors start to rise, a new threat soon propels both clans on an epic adventure that forces them to embrace their differences, draw strength from one another, and survive together.",284.798,2877,7.6,en,"Animation, Family, Adventure, Fantasy, Comedy",https://image.tmdb.org/t/p/original/tbVZ3Sq88dZaCANlUcewQuHQOaE.jpg
2021-12-03,Back to the Outback,"Tired of being locked in a reptile house where humans gawk at them like they are monsters, a ragtag group of Australia’s deadliest creatures plot an escape from their zoo to the Outback, a place where they’ll fit in without being judged.",282.246,341,7.7,en,"Animation, Family, Adventure, Comedy",https://image.tmdb.org/t/p/original/zNXNRLH5wJprUG6B1olaBTNZOjy.jpg
2021-07-02,The Tomorrow War,"The world is stunned when a group of time travelers arrive from the year 2051 to deliver an urgent message: Thirty years in the future, mankind is losing a global war against a deadly alien species. The only hope for survival is for soldiers and civilians from the present to be transported to the future and join the fight. Among those recruited is high school teacher and family man Dan Forester. Determined to save the world for his young daughter, Dan teams up with a brilliant scientist and his estranged father in a desperate quest to rewrite the fate of the planet.",282.068,5182,8.0,en,"Action, Science Fiction, Adventure",https://image.tmdb.org/t/p/original/34nDCQZwaEvsy4CFO5hkGRFDCVU.jpg
2022-01-28,Home Team,"Two years after a Super Bowl win when NFL head coach Sean Payton is suspended, he goes back to his hometown and finds himself reconnecting with his 12-year-old son by coaching his Pop Warner football team.",280.613,368,6.9,en,"Family, Comedy",https://image.tmdb.org/t/p/original/xdPdVJGIQjuVhK7SeK5fpjuc1bu.jpg
2021-03-17,The Fallout,"In the wake of a school tragedy, Vada, Mia and Quinton form a unique and dynamic bond as they navigate the never linear, often confusing journey to heal in a world that feels forever changed.",279.344,130,7.4,en,Drama,https://image.tmdb.org/t/p/original/y94auaBWq1E7sun3ZpvBmQfGUW.jpg
2021-03-03,Raya and the Last Dragon,"Long ago, in the fantasy world of Kumandra, humans and dragons lived together in harmony. But when an evil force threatened the land, the dragons sacrificed themselves to save humanity. Now, 500 years later, that same evil has returned and it’s up to a lone warrior, Raya, to track down the legendary last dragon to restore the fractured land and its divided people.",277.59,5048,8.0,en,"Family, Fantasy, Animation, Action, Adventure",https://image.tmdb.org/t/p/original/lPsD10PP4rgUGiGR4CCXA6iY0QQ.jpg
2021-09-09,Infinite,"Evan McCauley has skills he never learned and memories of places he has never visited. Self-medicated and on the brink of a mental breakdown, a secret group that call themselves “Infinites” come to his rescue, revealing that his memories are real.",276.461,912,6.8,en,"Science Fiction, Action, Thriller",https://image.tmdb.org/t/p/original/niw2AKHz6XmwiRMLWaoyAOAti0G.jpg
2021-04-22,Wrath of Man,"A cold and mysterious new security guard for a Los Angeles cash truck company surprises his co-workers when he unleashes precision skills during a heist. The crew is left wondering who he is and where he came from. Soon, the marksman's ultimate motive becomes clear as he takes dramatic and irrevocable steps to settle a score.",273.622,3376,7.7,en,"Action, Crime, Thriller",https://image.tmdb.org/t/p/original/M7SUK85sKjaStg4TKhlAVyGlz3.jpg
2021-12-17,Fortress,"The story revolves around a top-secret resort for retired U.S. intelligence officers. A group of criminals led by Balzary breach the compound, hellbent on revenge on Robert, forcing the retired officer and his son to save the day.",273.35,163,6.2,en,"Crime, Action, Thriller",https://image.tmdb.org/t/p/original/vQxtoPJVfpHgL7DCg9hQFZKDWJa.jpg
2021-07-08,Space Jam: A New Legacy,"When LeBron and his young son Dom are trapped in a digital space by a rogue A.I., LeBron must get them home safe by leading Bugs, Lola Bunny and the whole gang of notoriously undisciplined Looney Tunes to victory over the A.I.'s digitized champions on the court. It's Tunes versus Goons in the highest-stakes challenge of his life.",271.573,2952,7.1,en,"Family, Animation, Comedy, Science Fiction",https://image.tmdb.org/t/p/original/5bFK5d3mVTAvBCXi5NPWH0tYjKl.jpg
2022-01-13,Laura y el misterio del asesino inesperado,"After years of leave, Laura Lebrel returns to action. Lydia asks him for help on a case: Eugenio Ortiz, Laura's former instructor, has been murdered. But a new detective, Hector, finds evidence that incriminates Laura. She asks to be allowed to find the killer and Lydia gives her 24 hours to solve the case before arresting her.",266.754,8,7.3,es,"TV Movie, Mystery, Thriller, Comedy",https://image.tmdb.org/t/p/original/p6T9g5a227cUs4rlTlaxo8QAqIf.jpg
2021-05-25,The Conjuring: The Devil Made Me Do It,"Paranormal investigators Ed and Lorraine Warren encounter what would become one of the most sensational cases from their files. The fight for the soul of a young boy takes them beyond anything they'd ever seen before, to mark the first time in U.S. history that a murder suspect would claim demonic possession as a defense.",266.614,4233,7.7,en,"Horror, Mystery, Thriller",https://image.tmdb.org/t/p/original/xbSuFiJbbBWCkyCCKIMfuDCA4yV.jpg
2005-06-10,Batman Begins,"Driven by tragedy, billionaire Bruce Wayne dedicates his life to uncovering and defeating the corruption that plagues his home, Gotham City.  Unable to work within the system, he instead creates a new identity, a symbol of fear for the criminal underworld - The Batman.",265.806,17338,7.7,en,"Action, Crime, Drama",https://image.tmdb.org/t/p/original/8RW2runSEc34IwKN2D1aPcJd2UL.jpg
2022-01-20,The Royal Treatment,"Isabella runs her own salon and isn’t afraid to speak her mind, while Prince Thomas runs his own country and is about to marry for duty rather than love. When Izzy and her fellow stylists get the opportunity of a lifetime to do the hair for the royal wedding, she and Prince Thomas learn that taking control of their own destiny requires following their hearts.",264.99,390,6.8,en,"Romance, Comedy",https://image.tmdb.org/t/p/original/mYAv0YUoXJzLxIdEirOken8Quwf.jpg
2021-11-12,Ciao Alberto,"With his best friend Luca away at school, Alberto is enjoying his new life in Portorosso working alongside Massimo – the imposing, tattooed, one-armed fisherman of few words – who's quite possibly the coolest human in the entire world as far as Alberto is concerned. He wants more than anything to impress his mentor, but it's easier said than done.",261.672,412,7.5,en,"Animation, Comedy, Family, Fantasy",https://image.tmdb.org/t/p/original/1SyTnaY0wte69oKdqxQLvxPT3hs.jpg
2021-06-05,Gone Mom: The Disappearance of Jennifer Dulos,"Jennifer Dulos, the wealthy, Connecticut mother-of-five who mysteriously vanished.",257.852,113,7.8,en,"TV Movie, Thriller, Crime",https://image.tmdb.org/t/p/original/mzTNGnLG6LTHmrqrY0IADHDuyOJ.jpg
2021-06-28,Ripper Untold,A detective and a medical examiner join forces to solve a series of horrific murders in Victorian London - but one of them harbors a deadly secret.,257.473,75,6.6,en,Horror,https://image.tmdb.org/t/p/original/4msDckyD51Fx3qzVRHtb3lFHo2c.jpg
2021-05-26,Meander,"After getting a car ride from an unknown man, Lisa wakes up in a tube. On her arm is strapped a bracelet with a countdown. She quickly understands that every 8 minutes, fire burns an occupied section. She has no choice but to crawl into safe sections to survive. To know why she’s there and how to get out, Lisa will have to face the memories of her dead daughter…",256.866,218,6.1,fr,"Horror, Science Fiction, Drama, Thriller",https://image.tmdb.org/t/p/original/2OTIAx8AmwGCaXmq5ohQCyPUjdC.jpg
2021-11-18,Zeros and Ones,"Called to Rome to stop an imminent terrorist bombing, a soldier desperately seeks news of his imprisoned brother — a rebel with knowledge that could thwart the attack. Navigating the capital's darkened streets, he races to a series of ominous encounters to keep the Vatican from being blown to bits.",256.443,117,5.3,en,"Thriller, War",https://image.tmdb.org/t/p/original/a6balsDWCFMHPaPT6rFoBpNjR6z.jpg
2021-07-22,Snake Eyes: G.I. Joe Origins,"After saving the life of their heir apparent, tenacious loner Snake Eyes is welcomed into an ancient Japanese clan called the Arashikage where he is taught the ways of the ninja warrior. But, when secrets from his past are revealed, Snake Eyes' honor and allegiance will be tested – even if that means losing the trust of those closest to him.",254.31,1028,6.8,en,"Action, Adventure",https://image.tmdb.org/t/p/original/uIXF0sQGXOxQhbaEaKOi2VYlIL0.jpg
2021-10-08,Survive the Game,"When cop David is injured in a drug bust gone wrong, his partner Cal chases the two criminals who shot him. They all land at a remote farm owned by troubled vet Eric, and as Cal and Eric plot their defense, more of the gang arrives - along with a wounded David. Outnumbered, the three heroes must use stealth, smarts, and good shooting to take down the drug-dealing mob.",252.22,107,5.8,en,"Action, Thriller, Crime",https://image.tmdb.org/t/p/original/xF1uc2pEf34X2G41wvZaF5H0V7C.jpg
2021-05-28,Riverdance: The Animated Adventure,A young Irish boy named Keegan and Spanish girl named Moya journey into a magical world of the Megaloceros Giganteus who teach them to appreciate Riverdance as a celebration of life. Based on the stage show phenomenon of the same name and featuring Bill Whelan’s multi-platinum Grammy Award-winning music.,250.831,28,5.2,en,"Animation, Fantasy, Music, Adventure, Comedy, Family",https://image.tmdb.org/t/p/original/i6TRDlVuuEXMyLSlIkDd8YhBN0r.jpg
2021-11-12,Apex,"Ex-cop Thomas Malone is serving a life sentence for a crime he didn’t commit. He is offered a chance at freedom if he can survive a deadly game of Apex, in which six hunters pay for the pleasure of hunting another human on a remote island. He accepts, and once he arrives, all hell breaks loose.",249.46,402,5.4,en,"Action, Thriller, Science Fiction",https://image.tmdb.org/t/p/original/chTkFGToW5bsyw3hgLAe4S5Gt3.jpg
2022-02-02,The Tinder Swindler,"Posing as a wealthy, jet-setting diamond mogul, an Israeli conman wooed women online then conned them out of millions of dollars. Now some victims plan for payback.",246.652,455,7.1,en,"Documentary, Crime",https://image.tmdb.org/t/p/original/iLUSFjdavIf0SrP7ldoQ1xomQVC.jpg
2022-02-11,Love Tactics,"An ad executive and a fashion designer-blogger don't believe in love, so they place a bet to make the other fall head over heels - with unusual tactics.",244.573,83,6.7,tr,"Romance, Comedy",https://image.tmdb.org/t/p/original/8RyASTsrKKRnQ9xSGJDuImD8cjX.jpg
2021-10-01,The Addams Family 2,The Addams get tangled up in more wacky adventures and find themselves involved in hilarious run-ins with all sorts of unsuspecting characters.,244.18,785,7.2,en,"Animation, Adventure, Comedy, Family",https://image.tmdb.org/t/p/original/ld7YB9vBRp1GM1DT3KmFWSmtBPB.jpg
2021-04-27,Dynasty Warriors,"In the turbulent late Eastern Han Dynasty. Ambitious Dong Zhuo controls the court and the commonalty, and heroes from all over the country begin to rise.",242.342,84,6.5,cn,"Action, Adventure, Fantasy",https://image.tmdb.org/t/p/original/7BCTdek5LFHglcgl7shsm7igJAH.jpg
2021-05-15,Miraculous World: Shanghai – The Legend of Ladydragon,"On school break, Marinette heads to Shanghai to meet Adrien. But after arriving, Marinette loses all her stuff, including the Miraculous that allows her to turn into Ladybug!",241.638,411,7.9,fr,"Animation, Comedy, Family, Adventure",https://image.tmdb.org/t/p/original/qQ0VKsGRQ2ofAmswGNzZnvC1xPE.jpg
2020-11-21,"Miraculous World: New York, United HeroeZ","During a school field trip, Ladybug and Cat Noir meet the American superheroes, whom they have to save from an akumatised super-villain. They discover that Miraculous exist in the United States too.",240.048,862,8.3,fr,"Animation, Family, Comedy, Adventure, TV Movie",https://image.tmdb.org/t/p/original/9YbyvcrHmY2SVbdfXpb8mC4Fy0g.jpg
2022-03-03,Surviving Paradise: A Family Tale,"As the Kalahari Desert faces a worsening dry season, prides, packs and herds of all kinds must rely on the power of family to survive.",240.002,7,6.9,en,Documentary,https://image.tmdb.org/t/p/original/c7cA49RgpTYgk7Db3XAzb8vExAD.jpg
2019-12-20,My Hero Academia: Heroes Rising,"Class 1-A visits Nabu Island where they finally get to do some real hero work. The place is so peaceful that it's more like a vacation … until they're attacked by a villain with an unfathomable Quirk! His power is eerily familiar, and it looks like Shigaraki had a hand in the plan. But with All Might retired and citizens' lives on the line, there's no time for questions. Deku and his friends are the next generation of heroes, and they're the island's only hope.",239.599,890,8.4,ja,"Animation, Action, Fantasy, Adventure",https://image.tmdb.org/t/p/original/zGVbrulkupqpbwgiNedkJPyQum4.jpg
2021-11-04,Amina,"In 16th-century Zazzau, now Zaria, Nigeria, Amina must utilize her military skills and tactics to defend her family's kingdom. Based on a true story.",237.262,92,6.5,en,"War, History, Drama",https://image.tmdb.org/t/p/original/hMIQiwLpBfTfe3ZbRlNx4225Mgg.jpg
2021-12-03,Encounter,"A decorated Marine goes on a rescue mission to save his two young sons from an unhuman threat. As their journey takes them in increasingly dangerous directions, the boys will need to leave their childhoods behind.",235.482,256,6.4,en,"Adventure, Drama",https://image.tmdb.org/t/p/original/tUkY0WxffPZ9PoyC62PIyyUMGnt.jpg
2021-08-06,Son,"When a young boy contracts a mysterious illness, his mother must decide how far she will go to protect him from terrifying forces in her past.",232.494,90,6.0,en,"Horror, Thriller",https://image.tmdb.org/t/p/original/4fl6EdtMp6p0RKJgESdFti1J3dC.jpg
2020-12-16,Wonder Woman 1984,A botched store robbery places Wonder Woman in a global battle against a powerful and mysterious ancient force that puts her powers in jeopardy.,231.756,6599,6.6,en,"Action, Adventure, Fantasy",https://image.tmdb.org/t/p/original/8UlWHLMpgZm9bx6QYh0NFoq67TZ.jpg
2014-04-16,The Amazing Spider-Man 2,"For Peter Parker, life is busy. Between taking out the bad guys as Spider-Man and spending time with the person he loves, Gwen Stacy, high school graduation cannot come quickly enough. Peter has not forgotten about the promise he made to Gwen’s father to protect her by staying away, but that is a promise he cannot keep. Things will change for Peter when a new villain, Electro, emerges, an old friend, Harry Osborn, returns, and Peter uncovers new clues about his past.",231.441,10763,6.5,en,"Action, Adventure, Fantasy",https://image.tmdb.org/t/p/original/c3e9e18SSlvFd1cQaGmUj5tqL5P.jpg
2021-12-02,The Whole Truth,"When two siblings stumble on a strange hole in the wall of their grandparents’ house, horrifying incidents reveal sinister secrets about their family.",231.334,109,6.5,th,Horror,https://image.tmdb.org/t/p/original/bPq6x47nEqMZED5PrKelcWWpezM.jpg
2022-02-07,Catwoman: Hunted,"Catwoman's attempt to steal a priceless jewel puts her squarely in the crosshairs of both a powerful consortium of villains and the ever-resourceful Interpol, not to mention Batwoman.",231.061,26,6.2,en,"Animation, Action, Crime",https://image.tmdb.org/t/p/original/iu01cvxs3eLQzra3YNF1pbpXIZa.jpg
2016-10-07,Hacksaw Ridge,"WWII American Army Medic Desmond T. Doss, who served during the Battle of Okinawa, refuses to kill people and becomes the first Conscientious Objector in American history to receive the Congressional Medal of Honor.",230.758,10667,8.2,en,"Drama, History, War",https://image.tmdb.org/t/p/original/fTuxNlgEm04PPFkr1xfK94Jn8BW.jpg
2021-05-06,Crazy Fist,"After an opponent dies mid-match, a prominent MMA champion swore never to fight again and retired to run his family's company. But when his best friend dies under suspicious circumstances, he has no choice but to step back in the ring.",230.547,44,7.3,zh,Action,https://image.tmdb.org/t/p/original/jVAEVDNdUPRKJ7hJ4zt6lGcLATD.jpg
2001-11-16,Harry Potter and the Philosopher's Stone,"Harry Potter has lived under the stairs at his aunt and uncle's house his whole life. But on his 11th birthday, he learns he's a powerful wizard—with a place waiting for him at the Hogwarts School of Witchcraft and Wizardry. As he learns to harness his newfound powers with the help of the school's kindly headmaster, Harry uncovers the truth about his parents' deaths—and about the villain who's to blame.",230.0,22210,7.9,en,"Adventure, Fantasy",https://image.tmdb.org/t/p/original/wuMc08IPKEatf9rnMNXvIDxqP4W.jpg
2012-04-25,The Avengers,"When an unexpected enemy emerges and threatens global safety and security, Nick Fury, director of the international peacekeeping agency known as S.H.I.E.L.D., finds himself in need of a team to pull the world back from the brink of disaster. Spanning the globe, a daring recruitment effort begins!",229.772,26490,7.7,en,"Science Fiction, Action, Adventure",https://image.tmdb.org/t/p/original/RYMX2wcKCBAr24UyPD7xwmjaTn.jpg
2021-06-15,Dragon Fury,A group of soldiers are taken to the mountains of Wales to investigate a strange looking monster.,229.215,34,6.1,en,"Horror, Fantasy, Mystery",https://image.tmdb.org/t/p/original/6WcJ4cV2Y3gnTYp5zHu968TYmTJ.jpg
2021-07-29,Tarumama,"Sara and Óscar, a couple going through a marital crisis, decide to spend a week in a remote country cabin with their two children, Alicia and Tomás. The family tries to have a quiet time, but something strange happens there. There is a woman who prowls through the forest and cries uncontrollably looking for a baby she has just lost. This deeply affects the family who will have to stay together to survive this nightmare.",228.895,19,5.1,es,"Horror, Drama",https://image.tmdb.org/t/p/original/iwlmZKndp7fIfHbxVzQtk9zby3A.jpg
2016-10-25,Doctor Strange,"After his career is destroyed, a brilliant but arrogant surgeon gets a new lease on life when a sorcerer takes him under her wing and trains him to defend the world against evil.",228.266,18471,7.4,en,"Action, Adventure, Fantasy, Science Fiction",https://image.tmdb.org/t/p/original/uGBVj3bEbCoZbDjjl9wTxcygko1.jpg
2021-10-14,Halloween Kills,"The nightmare isn't over as unstoppable killer Michael Myers escapes from Laurie Strode's trap to continue his ritual bloodbath. Injured and taken to the hospital, Laurie fights through the pain as she inspires residents of Haddonfield, to rise up against Myers. Taking matters into their own hands, the Strode women and other survivors form a vigilante mob to hunt down Michael and end his reign of terror once and for all.",227.825,1585,6.8,en,"Horror, Thriller",https://image.tmdb.org/t/p/original/qmJGd5IfURq8iPQ9KF3les47vFS.jpg
2022-02-10,The Exorcism of God,"An American priest working in Mexico is considered a saint by many local parishioners. However, due to a botched exorcism, he carries a secret that’s eating him alive until he gets an opportunity to face his demon one final time.",226.771,7,5.6,en,Horror,https://image.tmdb.org/t/p/original/pcqo9D8Bdppt6t9fBliJYPROZkv.jpg
2019-06-28,Spider-Man: Far From Home,"Peter Parker and his friends go on a summer trip to Europe. However, they will hardly be able to rest - Peter will have to agree to help Nick Fury uncover the mystery of creatures that cause natural disasters and destruction throughout the continent.",224.034,12176,7.5,en,"Action, Adventure, Science Fiction",https://image.tmdb.org/t/p/original/4q2NNj4S5dG2RLF9CpXsej7yXl.jpg
2022-01-01,Harry Potter 20th Anniversary: Return to Hogwarts,"An enchanting making-of story told through all-new in-depth interviews and cast conversations, inviting fans on a magical first-person journey through one of the most beloved film franchises of all time.",222.907,1105,8.0,en,Documentary,https://image.tmdb.org/t/p/original/jntLBq0MLR3hrwKaTQswxACRPMs.jpg
2020-09-02,After We Collided,Tessa finds herself struggling with her complicated relationship with Hardin; she faces a dilemma that could change their lives forever.,221.992,4481,7.3,en,"Romance, Drama",https://image.tmdb.org/t/p/original/kiX7UYfOpYrMFSAGbI6j1pFkLzQ.jpg
2022-02-17,The Desperate Hour,A woman desperately races to save her child after police place her hometown on lockdown due to an active shooter incident.,221.838,21,5.8,en,Thriller,https://image.tmdb.org/t/p/original/u6Pg9eTklhg6Aa7kXaxrfdE1Chi.jpg
2015-04-18,Dragon Ball Z: Resurrection 'F',"One peaceful day on Earth, two remnants of Frieza's army named Sorbet and Tagoma arrive searching for the Dragon Balls with the aim of reviving Frieza. They succeed, and Frieza subsequently seeks revenge on the Saiyans.",220.049,1361,6.8,ja,"Action, Animation, Science Fiction",https://image.tmdb.org/t/p/original/soq3AxjALdBfdPAm8H7yuMmNL5Y.jpg
2021-10-28,Seal Team,"After his best friend is killed in a shark attack, Quinn, a lovable yet tenacious seal assembles a SEAL TEAM to fight back against a gang of sharks overtaking the neighborhood. But this merry band of international seals are not at all trained for such a mission. They seek the help of a much more skillful combatant, Claggart, but even his tricks and flips can’t whip these guys into shape. However, with a little bit of ingenuity, intelligence and a lot of heart, our SEAL TEAM may actually be able to bring peace back to their undersea community.",220.017,126,7.1,en,"Animation, Family, Comedy",https://image.tmdb.org/t/p/original/yPZ3I27oeSm4zVesgMxXlhW8GDe.jpg
2009-03-19,Knowing,A teacher opens a time capsule that has been dug up at his son's elementary school; in it are some chilling predictions -- some that have already occurred and others that are about to -- that lead him to believe his family plays a role in the events that are about to unfold.,218.406,4251,6.1,en,"Action, Mystery, Science Fiction, Thriller",https://image.tmdb.org/t/p/original/nO9gTGDNdYnPr9ILKNQmk6EVTVR.jpg
2021-10-01,Witch Hunt,"In a modern America where witches are real and witchcraft is illegal, a sheltered teenager must face her own demons and prejudices as she helps two young witches avoid law enforcement and cross the southern border to asylum in Mexico.",217.266,145,7.2,en,"Fantasy, Horror, Thriller, Drama",https://image.tmdb.org/t/p/original/vHKlIci8f38GaAd361EW0VSx91k.jpg
2014-09-10,The Maze Runner,"Set in a post-apocalyptic world, young Thomas is deposited in a community of boys after his memory is erased, soon learning they're all trapped in a maze that will require him to join forces with fellow “runners” for a shot at escape.",215.466,14398,7.2,en,"Action, Mystery, Science Fiction, Thriller",https://image.tmdb.org/t/p/original/ode14q7WtDugFDp78fo9lCsmay9.jpg
2021-03-31,The Unholy,"Alice, a young hearing-impaired girl who, after a supposed visitation from the Virgin Mary, is inexplicably able to hear, speak and heal the sick. As word spreads and people from near and far flock to witness her miracles, a disgraced journalist hoping to revive his career visits the small New England town to investigate. When terrifying events begin to happen all around, he starts to question if these phenomena are the works of the Virgin Mary or something much more sinister.",214.999,1543,6.8,en,Horror,https://image.tmdb.org/t/p/original/cFOWiYDQ8Nttmt0K6PU38L48wWK.jpg
2019-12-19,Ashfall,A group of unlikely heroes from across the Korean peninsula try to save the day after a volcano erupts on the mythical and majestic Baekdu Mountain.,212.134,357,6.6,ko,"Action, Adventure, Thriller",https://image.tmdb.org/t/p/original/gCZ0RHifBxZGedde7WPWSgjpyZt.jpg
2022-02-11,The Sky Is Everywhere,"Lennie is a teen musical prodigy grieving the death of her sister when she finds herself caught between a new guy at school and her sister's devastated boyfriend. Through her vivid imagination and conflicted heart, Lennie navigates first love and first loss.",211.618,16,5.8,en,"Drama, Romance, Music",https://image.tmdb.org/t/p/original/qMVUlq6rdqFo1xZ5ozQcKFCDbgj.jpg
2021-09-09,Time Is Up,"Vivien, an accomplished student with a passion for physics, and Roy, a troubled young man, are involved in an accident that forces them to reclaim their lives one minute at the time.",211.613,250,6.2,en,"Romance, Drama",https://image.tmdb.org/t/p/original/dxWHyMY4HoXH8LiEhYlga2OtK5B.jpg
2021-06-30,The Deep House,"While diving in a remote French lake, a couple of YouTubers who specialize in underwater exploration videos discover a house submerged in the deep waters. What was initially a unique finding soon turns into a nightmare when they discover that the house was the scene of atrocious crimes. Trapped, with their oxygen reserves falling dangerously, they realize the worst is yet to come: they are not alone in the house.",211.563,527,6.5,en,Horror,https://image.tmdb.org/t/p/original/5xhAPxRr64oQPEFnUOrttuI4ZEU.jpg
2015-08-07,Boruto: Naruto the Movie,"The spirited Boruto Uzumaki, son of Seventh Hokage Naruto, is a skilled ninja who possesses the same brashness and passion his father once had. However, the constant absence of his father, who is busy with his Hokage duties, puts a damper on Boruto's fire. He ends up meeting his father's friend Sasuke, and requests to become... his apprentice!? The curtain on the story of the new generation rises!",211.071,996,7.7,ja,"Animation, Action, Comedy",https://image.tmdb.org/t/p/original/1k6iwC4KaPvTBt1JuaqXy3noZRY.jpg
2002-11-13,Harry Potter and the Chamber of Secrets,"Cars fly, trees fight back, and a mysterious house-elf comes to warn Harry Potter at the start of his second year at Hogwarts. Adventure and danger await when bloody writing on a wall announces: The Chamber Of Secrets Has Been Opened. To save Hogwarts will require all of Harry, Ron and Hermione’s magical abilities and courage.",210.837,17901,7.7,en,"Adventure, Fantasy",https://image.tmdb.org/t/p/original/sdEOH0992YZ0QSxgXNIGLq1ToUi.jpg
2020-02-12,Sonic the Hedgehog,"Based on the global blockbuster videogame franchise from Sega, Sonic the Hedgehog tells the story of the world’s speediest hedgehog as he embraces his new home on Earth. In this live-action adventure comedy, Sonic and his new best friend team up to defend the planet from the evil genius Dr. Robotnik and his plans for world domination.",210.751,7559,7.4,en,"Action, Science Fiction, Comedy, Family",https://image.tmdb.org/t/p/original/aQvJ5WPzZgYVDrxLX4R6cLJCEaQ.jpg
2017-10-27,Coco,"Despite his family’s baffling generations-old ban on music, Miguel dreams of becoming an accomplished musician like his idol, Ernesto de la Cruz. Desperate to prove his talent, Miguel finds himself in the stunning and colorful Land of the Dead following a mysterious chain of events. Along the way, he meets charming trickster Hector, and together, they set off on an extraordinary journey to unlock the real story behind Miguel's family history.",210.527,15355,8.2,en,"Family, Animation, Fantasy, Music, Comedy, Adventure",https://image.tmdb.org/t/p/original/gGEsBPAijhVUFoiNpgZXqRVWJt2.jpg
2017-06-21,Ava,"Ava, 13, is spending the summer on the Atlantic coast when she learns that she will lose her sight sooner than expected. Her mother decides to act as if everything were normal so as to spend their best summer ever. Ava confronts the problem in her own way. She steals a big black dog that belongs to a young man on the run...",210.438,130,6.0,fr,Drama,https://image.tmdb.org/t/p/original/cUI1PFsrQVJR3IZOpkfsOOOUhTO.jpg
2014-10-15,Fury,"In the last months of World War II, as the Allies make their final push in the European theatre, a battle-hardened U.S. Army sergeant named 'Wardaddy' commands a Sherman tank called 'Fury' and its five-man crew on a deadly mission behind enemy lines. Outnumbered and outgunned, Wardaddy and his men face overwhelming odds in their heroic attempts to strike at the heart of Nazi Germany.",210.26,9757,7.5,en,"War, Drama, Action",https://image.tmdb.org/t/p/original/pfte7wdMobMF4CVHuOxyu6oqeeA.jpg
2021-08-12,Don't Breathe 2,"The Blind Man has been hiding out for several years in an isolated cabin and has taken in and raised a young girl orphaned from a devastating house fire. Their quiet life together is shattered when a group of criminals kidnap the girl, forcing the Blind Man to leave his safe haven to save her.",209.059,1490,7.4,en,"Thriller, Horror",https://image.tmdb.org/t/p/original/r7HEBkkRN93d3eFBZgPJfRaob5p.jpg
2021-10-01,Matando Cabos 2: La Máscara del Máscara,"Faced with the unexpected death of his estranged father -El Máscara- and the subsequent theft of his precious mask, Rubén -Mascarita- will find himself confronted with his past. Alongside his invincible bodyguard Tony ""The Cannibal"" and, an unexpected ally, he will have only one day to recover it and make amends with the memory of his father.",209.018,70,7.8,es,"Action, Comedy, Adventure",https://image.tmdb.org/t/p/original/vu3CfSqxNzmnSU8SrWLDTHzspk9.jpg
2020-12-03,Monster Hunter,"A portal transports Cpt. Artemis and an elite unit of soldiers to a strange world where powerful monsters rule with deadly ferocity. Faced with relentless danger, the team encounters a mysterious hunter who may be their only hope to find a way home.",208.742,2460,6.8,en,"Action, Fantasy, Adventure",https://image.tmdb.org/t/p/original/1UCOF11QCw8kcqvce8LKOO6pimh.jpg
2014-12-06,The Last: Naruto the Movie,"Two years after the events of the Fourth Great Ninja War, the moon that Hagoromo Otsutsuki created long ago to seal away the Gedo Statue begins to descend towards the world, threatening to become a meteor that would destroy everything on impact. Amidst this crisis, a direct descendant of Kaguya Otsutsuki named Toneri Otsutsuki attempts to kidnap Hinata Hyuga but ends up abducting her younger sister Hanabi. Naruto and his allies now mount a rescue mission before finding themselves embroiled in a final battle to decide the fate of everything.",208.37,1139,7.9,ja,"Action, Romance, Animation",https://image.tmdb.org/t/p/original/bAQ8O5Uw6FedtlCbJTutenzPVKd.jpg
2017-07-05,Spider-Man: Homecoming,"Following the events of Captain America: Civil War, Peter Parker, with the help of his mentor Tony Stark, tries to balance his life as an ordinary high school student in Queens, New York City, with fighting crime as his superhero alter ego Spider-Man as a new threat, the Vulture, emerges.",207.817,18174,7.4,en,"Action, Adventure, Science Fiction, Drama",https://image.tmdb.org/t/p/original/c24sv2weTHPsmDa7jEMN0m2P3RT.jpg
2022-02-11,Bigbug,"Humans have ceded most tasks to AI in 2045, even in nostalgic Alice's home. So when robots stage a coup, her androids protectively lock her doors.",207.027,176,5.4,fr,"Science Fiction, Comedy",https://image.tmdb.org/t/p/original/73Eh5dm6O604kgYY69oQVOeSOvZ.jpg
2002-05-01,Spider-Man,"After being bitten by a genetically altered spider at Oscorp, nerdy but endearing high school student Peter Parker is endowed with amazing powers to become the superhero known as Spider-Man.",206.376,15336,7.2,en,"Fantasy, Action",https://image.tmdb.org/t/p/original/gh4cZbhZxyTbgxQPxD0dOudNPTn.jpg
2019-04-24,Avengers: Endgame,"After the devastating events of Avengers: Infinity War, the universe is in ruins due to the efforts of the Mad Titan, Thanos. With the help of remaining allies, the Avengers must assemble once more in order to undo Thanos' actions and restore order to the universe once and for all, no matter what consequences may be in store.",205.308,20521,8.3,en,"Adventure, Science Fiction, Action",https://image.tmdb.org/t/p/original/or06FN3Dka5tukK1e9sl16pB3iy.jpg
2021-07-21,Old,A group of families on a tropical holiday discover that the secluded beach where they are staying is somehow causing them to age rapidly – reducing their entire lives into a single day.,205.157,2288,6.6,en,"Thriller, Mystery, Horror",https://image.tmdb.org/t/p/original/vclShucpUmPhdAOmKgf3B3Z4POD.jpg
2011-09-28,Real Steel,"Charlie Kenton is a washed-up fighter who retired from the ring when robots took over the sport. After his robot is trashed, he reluctantly teams up with his estranged son to rebuild and train an unlikely contender.",203.843,6561,6.9,en,"Action, Science Fiction, Drama",https://image.tmdb.org/t/p/original/4GIeI5K5YdDUkR3mNQBoScpSFEf.jpg
2022-02-11,Love and Leashes,"Love never hurt so good for two co-workers who enter a contractual relationship as partners in consensual play, pleasure and pain.",203.743,68,6.3,ko,"Romance, Comedy",https://image.tmdb.org/t/p/original/yQgGYiHUoDYeA4TbYlghpA5lmKH.jpg
2019-04-11,After,"Tessa Young is a dedicated student, dutiful daughter and loyal girlfriend to her high school sweetheart. Entering her first semester of college, Tessa's guarded world opens up when she meets Hardin Scott, a mysterious and brooding rebel who makes her question all she thought she knew about herself -- and what she wants out of life.",203.008,6973,7.2,en,"Romance, Drama",https://image.tmdb.org/t/p/original/u3B2YKUjWABcxXZ6Nm9h10hLUbh.jpg
2021-06-30,The Forever Purge,All the rules are broken as a sect of lawless marauders decides that the annual Purge does not stop at daybreak and instead should never end as they chase a group of immigrants who they want to punish because of their harsh historical past.,202.704,1652,7.3,en,"Horror, Action, Thriller",https://image.tmdb.org/t/p/original/lB068qa6bQ0QKYKyC2xnYGvYjl7.jpg
2022-02-11,Tall Girl 2,"After Jodi Kreyman gains popularity, her miscommunications start causing rifts with those around her and now she really needs to ""stand tall"".",202.01,127,6.0,en,"Comedy, Drama, Romance",https://image.tmdb.org/t/p/original/eyKkLdst2vFRjCC89C3NqGCLpNE.jpg
2022-02-17,Dog,An army ranger and his dog embark on a road trip along the Pacific Coast Highway to attend a friend's funeral.,200.253,32,8.3,en,"Drama, Comedy",https://image.tmdb.org/t/p/original/pb8rHkAyojBYtMe5fnSvFMCPc3D.jpg
2007-12-12,I Am Legend,"Robert Neville is a scientist who was unable to stop the spread of the terrible virus that was incurable and man-made. Immune, Neville is now the last human survivor in what is left of New York City and perhaps the world. For three years, Neville has faithfully sent out daily radio messages, desperate to find any other survivors who might be out there. But he is not alone.",199.248,13042,7.2,en,"Drama, Science Fiction, Thriller",https://image.tmdb.org/t/p/original/iPDkaSdKk2jRLTM65UOEoKtsIZ8.jpg
2007-08-04,Naruto Shippuden the Movie,"Demons that once almost destroyed the world, are revived by someone. To prevent the world from being destroyed, the demon has to be sealed and the only one who can do it is the shrine maiden Shion from the country of demons, who has two powers; one is sealing demons and the other is predicting the deaths of humans. This time Naruto's mission is to guard Shion, but she predicts Naruto's death. The only way to escape it, is to get away from Shion, which would leave her unguarded, then the demon, whose only goal is to kill Shion will do so, thus meaning the end of the world. Naruto decides to challenge this ""prediction of death.""",198.011,418,7.2,ja,"Animation, Action, Fantasy",https://image.tmdb.org/t/p/original/vDkct38sSFSWJIATlfJw0l3QOIR.jpg
2021-02-10,Tom & Jerry,"Tom the cat and Jerry the mouse get kicked out of their home and relocate to a fancy New York hotel, where a scrappy employee named Kayla will lose her job if she can’t evict Jerry before a high-class wedding at the hotel. Her solution? Hiring Tom to get rid of the pesky mouse.",197.721,1948,7.0,en,"Comedy, Family, Animation",https://image.tmdb.org/t/p/original/8XZI9QZ7Pm3fVkigWJPbrXCMzjq.jpg
2022-02-10,Against the Ice,"In 1909, two explorers fight to survive after they're left behind while on a Denmark expedition in ice-covered Greenland.",195.989,117,7.0,en,"Adventure, History, Drama",https://image.tmdb.org/t/p/original/6FSGYvPEhIx3ThOikGqHmKxeyNN.jpg
2021-08-12,An Egg Rescue,Toto and his friends must rescue his egg children after they're taken away for a gourmet food event in Africa.,194.622,295,8.1,es,"Animation, Comedy",https://image.tmdb.org/t/p/original/ewrIYKTLaqerwznGzNhmqr0huTs.jpg
2005-11-16,Harry Potter and the Goblet of Fire,"When Harry Potter's name emerges from the Goblet of Fire, he becomes a competitor in a grueling battle for glory among three wizarding schools—the Triwizard Tournament. But since Harry never submitted his name for the Tournament, who did? Now Harry must confront a deadly dragon, fierce water demons and an enchanted maze only to find himself in the cruel grasp of He Who Must Not Be Named.",193.459,16947,7.8,en,"Adventure, Fantasy, Family",https://image.tmdb.org/t/p/original/fECBtHlr0RB3foNHDiCBXeg9Bv9.jpg
2021-02-11,Pretty Guardian Sailor Moon Eternal The Movie Part 2,"While under the care of the Outer Sailor Guardians, Hotaru begins to age rapidly. Then, the time comes for all the Sailor Guardians to reunite!",192.922,102,8.1,ja,"Animation, Action, Adventure, Comedy, Drama, Fantasy, Romance",https://image.tmdb.org/t/p/original/f91rtk8dODezNLT3grQrELyzFwA.jpg
2021-07-29,Demonic,A young woman unleashes terrifying demons when supernatural forces at the root of a decades-old rift between mother and daughter are ruthlessly revealed.,192.391,109,4.8,en,"Horror, Thriller",https://image.tmdb.org/t/p/original/pUK9duiCK1PKqWA5rRQ4XBMHITH.jpg
2021-11-24,Far From the Tree,"On an idyllic beach in the Pacific Northwest, curiosity gets the better of a young raccoon whose frustrated parent attempts to keep them both safe.",192.331,194,8.1,en,"Animation, Family",https://image.tmdb.org/t/p/original/39oaQUS0KxyXL6KYJ2o2u03PpHz.jpg
2020-07-09,Black Water: Abyss,"An adventure-loving couple convince their friends to explore a remote, uncharted cave system in the forests of Northern Australia. With a tropical storm approaching, they abseil into the mouth of the cave, but when the caves start to flood, tensions rise as oxygen levels fall and the friends find themselves trapped. Unknown to them, the storm has also brought in a pack of dangerous and hungry crocodiles.",191.722,312,5.1,en,"Horror, Thriller, Adventure, Mystery",https://image.tmdb.org/t/p/original/pmAv14TPE2vKMIRrVeCd1Ll7K94.jpg
2020-12-11,"Yes, No, or Maybe Half?","Kunieda Kei is a popular, young TV announcer whose public and private personas are so different, they might be called extreme. On the outside, he is the picture of perfection, affectionately nicknamed ""The Prince,"" while on the inside he is constantly cursing at all of the incompetence around him. Of course, no one knows this secret of his.  One day, Kei meets animation artist Tsuzuki Ushio for a work assignment. While Kei is in ""inside mode,"" he later runs into Tsuzuki, who doesn't recognize him in his worn-out sweats and a facemask, but as compensation for injuring Tsuzuki's arm, Kei gets roped into helping out with his work.",191.592,17,6.7,ja,"Animation, Drama, Romance",https://image.tmdb.org/t/p/original/sH8xCXLEbihNNVDbewddzkYnNPF.jpg
2020-08-14,The SpongeBob Movie: Sponge on the Run,"When his best friend Gary is suddenly snatched away, SpongeBob takes Patrick on a madcap mission far beyond Bikini Bottom to save their pink-shelled pal.",191.122,2436,7.6,en,"Family, Animation, Fantasy, Adventure, Comedy",https://image.tmdb.org/t/p/original/jlJ8nDhMhCYJuzOw3f52CP1W8MW.jpg
2018-12-06,Spider-Man: Into the Spider-Verse,"Miles Morales is juggling his life between being a high school student and being a spider-man. When Wilson ""Kingpin"" Fisk uses a super collider, others from across the Spider-Verse are transported to this dimension.",190.775,10951,8.4,en,"Action, Adventure, Animation, Science Fiction",https://image.tmdb.org/t/p/original/iiZZdoQBEYBv6id8su7ImL0oCbD.jpg
2004-05-31,Harry Potter and the Prisoner of Azkaban,"Year three at Hogwarts means new fun and challenges as Harry learns the delicate art of approaching a Hippogriff, transforming shape-shifting Boggarts into hilarity and even turning back time. But the term also brings danger: soul-sucking Dementors hover over the school, an ally of the accursed He-Who-Cannot-Be-Named lurks within the castle walls, and fearsome wizard Sirius Black escapes Azkaban. And Harry will confront them all.",189.771,17607,8.0,en,"Adventure, Fantasy",https://image.tmdb.org/t/p/original/aWxwnYoe8p2d2fcxOqtvAtJ72Rw.jpg
2021-03-03,The Vault,"When an engineer learns of a mysterious, impenetrable fortress hidden under The Bank of Spain, he joins a crew of master thieves who plan to steal the legendary lost treasure locked inside while the whole country is distracted by Spain's World Cup Final. With thousands of soccer fans cheering in the streets, and security forces closing in, the crew have just minutes to pull off the score of a lifetime.",189.579,555,7.1,en,"Crime, Action, Thriller",https://image.tmdb.org/t/p/original/kWhXubAiIcHW0xn5GThflqaKZqh.jpg
2022-03-09,The Adam Project,"After accidentally crash-landing in 2022, time-traveling fighter pilot Adam Reed teams up with his 12-year-old self on a mission to save the future.",189.245,2,6.0,en,"Science Fiction, Adventure, Comedy",https://image.tmdb.org/t/p/original/sI3hQMTyrF9F8jU1qA8qPHLKCgG.jpg
2016-02-09,Deadpool,"Deadpool tells the origin story of former Special Forces operative turned mercenary Wade Wilson, who after being subjected to a rogue experiment that leaves him with accelerated healing powers, adopts the alter ego Deadpool. Armed with his new abilities and a dark, twisted sense of humor, Deadpool hunts down the man who nearly destroyed his life.",189.206,26390,7.6,en,"Action, Adventure, Comedy",https://image.tmdb.org/t/p/original/3E53WEZJqP6aM84D8CckXx4pIHw.jpg
2021-10-22,The Harder They Fall,"Gunning for revenge, outlaw Nat Love saddles up with his gang to take down enemy Rufus Buck, a ruthless crime boss who just got sprung from prison.",188.865,611,6.7,en,Western,https://image.tmdb.org/t/p/original/su9WzL7lwUZPhjH6eZByAYFx2US.jpg
2001-11-01,"Monsters, Inc.","James Sullivan and Mike Wazowski are monsters, they earn their living scaring children and are the best in the business... even though they're more afraid of the children than they are of them. When a child accidentally enters their world, James and Mike suddenly find that kids are not to be afraid of and they uncover a conspiracy that could threaten all children across the world.",188.759,15255,7.8,en,"Animation, Comedy, Family",https://image.tmdb.org/t/p/original/sgheSKxZkttIe8ONsf2sWXPgip3.jpg
2021-02-09,Ainbo: Spirit of the Amazon,"An epic journey of a young hero and her Spirit Guides, 'Dillo' a cute and humorous armadillo and ""Vaca"" a goofy oversized tapir, who embark on a quest to save their home in the spectacular Amazon Rainforest.",188.484,285,7.1,en,"Adventure, Animation, Family, Fantasy",https://image.tmdb.org/t/p/original/l8HyObVj8fPrzacAPtGWWLDhcfh.jpg
2021-12-07,Don't Look Up,Two low-level astronomers must go on a giant media tour to warn humankind of an approaching comet that will destroy planet Earth.,188.404,4819,7.2,en,"Comedy, Drama, Science Fiction",https://image.tmdb.org/t/p/original/th4E1yqsE8DGpAseLiUrI60Hf8V.jpg